{
  "y": "<:y_:905814084363112548>",
  "m": "<:m_:901828420097433701>",
  "x": "<:x_:905814083561996348>",
  "music": {
      "searching": "🔍",
      "play": "<:y_:905814084363112548>",
      "playImg": "https://images-ext-1.discordapp.net/external/DkPCBVBHBDJC8xHHCF2G7-rJXnTwj_qs78udThL8Cy0/%3Fv%3D1/https/cdn.discordapp.com/emojis/859459305152708630.gif",
      "pause": "⏸️",
      "resume": "▶️",
      "skip": "⏭️",
      "queue": "📑",
      "stop": "⏹",
      "volume": "🔊",
      "loop": "<:y_:905814084363112548>",
      "autoplay": "<:y_:905814084363112548>",
      "shuffle": "🔀",
      "addrelatedsong": "<:y_:905814084363112548>"
  },
  "giveaway": {
      "react": "<a:M_giveaways:901776001460236308>",
      "drop": "<a:M_giftbot:915259307648495637>"
  },
  "currency": {
    "coin": "<:Economy:918834696476061717>"
  }
}